9.310000000000000000e+09,-6.630000000000001170e-02
9.310500000000000000e+09,1.421000000000000041e-01
9.311000000000000000e+09,-3.870000000000001217e-02
9.311500000000000000e+09,-3.140000000000000430e-02
9.312000000000000000e+09,1.178000000000000019e-01
9.312500000000000000e+09,8.020000000000000739e-02
9.313000000000000000e+09,-9.179999999999999272e-02
9.313500000000000000e+09,8.630000000000004334e-02
9.314000000000000000e+09,6.809999999999999387e-02
9.314500000000000000e+09,4.199999999999998179e-02
9.315000000000000000e+09,1.125000000000000028e-01
9.315500000000000000e+09,3.079999999999999405e-02
9.316000000000000000e+09,2.200000000000000566e-03
9.316500000000000000e+09,3.350000000000000200e-02
9.317000000000000000e+09,4.929999999999998272e-02
9.317500000000000000e+09,-6.060000000000001497e-02
9.318000000000000000e+09,-7.489999999999999436e-02
9.318500000000000000e+09,1.870000000000002216e-02
9.319000000000000000e+09,3.820000000000001172e-02
9.319500000000000000e+09,8.830000000000001736e-02
9.320000000000000000e+09,-7.999999999999951594e-04
9.320500000000000000e+09,3.049999999999999933e-02
9.321000000000000000e+09,4.829999999999999571e-02
9.321500000000000000e+09,3.740000000000000269e-02
9.322000000000000000e+09,-3.700000000000000511e-02
9.322500000000000000e+09,1.456999999999999962e-01
9.323000000000000000e+09,4.400000000000001132e-03
9.323500000000000000e+09,6.400000000000002909e-02
9.324000000000000000e+09,7.090000000000007407e-02
9.324500000000000000e+09,2.559999999999998388e-02
9.325000000000000000e+09,1.555999999999999883e-01
9.325500000000000000e+09,4.930000000000001048e-02
9.326000000000000000e+09,1.537999999999999923e-01
9.326500000000000000e+09,1.410000000000000142e-02
9.327000000000000000e+09,7.769999999999999130e-02
9.327500000000000000e+09,1.134999999999999898e-01
9.328000000000000000e+09,-3.870000000000001217e-02
9.328500000000000000e+09,-1.027000000000000135e-01
9.329000000000000000e+09,1.500000000000001332e-02
9.329500000000000000e+09,6.400000000000001521e-02
9.330000000000000000e+09,-3.519999999999999518e-02
9.330500000000000000e+09,-1.700000000000000122e-02
9.331000000000000000e+09,1.230000000000003313e-02
9.331500000000000000e+09,7.799999999999999989e-02
9.332000000000000000e+09,-2.589999999999999247e-02
9.332500000000000000e+09,6.369999999999999274e-02
9.333000000000000000e+09,-3.590000000000001523e-02
9.333500000000000000e+09,1.103000000000000091e-01
9.334000000000000000e+09,5.059999999999997833e-02
9.334500000000000000e+09,1.289999999999996705e-02
9.335000000000000000e+09,9.099999999999996980e-03
9.335500000000000000e+09,4.280000000000000471e-02
9.336000000000000000e+09,-2.999999999999947153e-04
9.336500000000000000e+09,-1.358000000000000040e-01
9.337000000000000000e+09,1.919999999999999485e-02
9.337500000000000000e+09,7.800000000000001377e-03
9.338000000000000000e+09,4.899999999999998801e-02
9.338500000000000000e+09,1.390000000000002345e-02
9.339000000000000000e+09,-4.000000000000003553e-03
9.339500000000000000e+09,-4.879999999999998228e-02
9.340000000000000000e+09,-4.109999999999999765e-02
9.340500000000000000e+09,1.209999999999999964e-02
9.341000000000000000e+09,-4.900000000000001577e-03
9.341500000000000000e+09,-1.592999999999999972e-01
9.342000000000000000e+09,-2.079999999999998517e-02
9.342500000000000000e+09,7.850000000000000033e-02
9.343000000000000000e+09,-5.349999999999999201e-02
9.343500000000000000e+09,-5.500000000000004885e-03
9.344000000000000000e+09,6.540000000000001368e-02
9.344500000000000000e+09,-2.579999999999998961e-02
9.345000000000000000e+09,-6.299999999999972289e-03
9.345500000000000000e+09,-1.070000000000004281e-02
9.346000000000000000e+09,-5.819999999999998785e-02
9.346500000000000000e+09,1.348999999999999921e-01
9.347000000000000000e+09,-6.239999999999998326e-02
9.347500000000000000e+09,2.739999999999997993e-02
9.348000000000000000e+09,-5.130000000000001226e-02
9.348500000000000000e+09,-4.899999999999959943e-03
9.349000000000000000e+09,8.920000000000000151e-02
9.349500000000000000e+09,1.826000000000000123e-01
9.350000000000000000e+09,1.519999999999999130e-02
9.350500000000000000e+09,-1.019999999999998685e-02
9.351000000000000000e+09,-4.689999999999999725e-02
9.351500000000000000e+09,1.096000000000000030e-01
9.352000000000000000e+09,-9.289999999999998259e-02
9.352500000000000000e+09,-5.300000000000000544e-02
9.353000000000000000e+09,9.590000000000004077e-02
9.353500000000000000e+09,-4.899999999999999842e-03
9.354000000000000000e+09,6.200000000000011058e-03
9.354500000000000000e+09,-3.000000000000002665e-03
9.355000000000000000e+09,-9.520000000000000684e-02
9.355500000000000000e+09,-7.800000000000001377e-02
9.356000000000000000e+09,-6.679999999999999827e-02
9.356500000000000000e+09,3.669999999999999651e-02
9.357000000000000000e+09,-5.070000000000000201e-02
9.357500000000000000e+09,1.093999999999999972e-01
9.358000000000000000e+09,-3.620000000000000301e-02
9.358500000000000000e+09,-7.249999999999999500e-02
9.359000000000000000e+09,1.910000000000000586e-02
9.359500000000000000e+09,1.561000000000000165e-01
9.360000000000000000e+09,4.199999999999998179e-02
9.360500000000000000e+09,-1.771000000000000074e-01
9.361000000000000000e+09,2.167000000000000037e-01
9.361500000000000000e+09,-4.599999999999992983e-03
9.362000000000000000e+09,-6.480000000000002425e-02
9.362500000000000000e+09,-5.499999999999999334e-02
9.363000000000000000e+09,-3.039999999999999994e-02
9.363500000000000000e+09,-2.228999999999999870e-01
9.364000000000000000e+09,-5.939999999999999447e-02
9.364500000000000000e+09,6.109999999999999459e-02
9.365000000000000000e+09,3.800000000000025580e-03
9.365500000000000000e+09,-6.659999999999999254e-02
9.366000000000000000e+09,-6.870000000000003881e-02
9.366500000000000000e+09,-2.549999999999999489e-02
9.367000000000000000e+09,-2.500000000000002220e-03
9.367500000000000000e+09,-2.799999999999999711e-02
9.368000000000000000e+09,3.359999999999999098e-02
9.368500000000000000e+09,1.730000000000003757e-02
9.369000000000000000e+09,6.540000000000001368e-02
9.369500000000000000e+09,-1.314999999999999780e-01
9.370000000000000000e+09,-6.399999999999995970e-03
9.370500000000000000e+09,2.319999999999999840e-02
9.371000000000000000e+09,-8.010000000000006004e-02
9.371500000000000000e+09,-2.900000000000013678e-03
9.372000000000000000e+09,2.099999999999999090e-02
9.372500000000000000e+09,3.669999999999999651e-02
9.373000000000000000e+09,-7.499999999999951150e-03
9.373500000000000000e+09,5.870000000000000218e-02
9.374000000000000000e+09,-2.149999999999999134e-02
9.374500000000000000e+09,-2.740000000000000074e-02
9.375000000000000000e+09,1.411999999999999922e-01
9.375500000000000000e+09,5.259999999999998010e-02
9.376000000000000000e+09,3.000000000000002665e-03
9.376500000000000000e+09,-2.169999999999994156e-02
9.377000000000000000e+09,9.950000000000000511e-02
9.377500000000000000e+09,-9.570000000000000728e-02
9.378000000000000000e+09,-2.054000000000000270e-01
9.378500000000000000e+09,-6.500000000000005773e-03
9.379000000000000000e+09,-3.129999999999999449e-02
9.379500000000000000e+09,7.479999999999997762e-02
9.380000000000000000e+09,-1.936999999999999833e-01
9.380500000000000000e+09,7.900000000000018119e-03
9.381000000000000000e+09,2.260000000000000897e-02
9.381500000000000000e+09,-4.019999999999999962e-02
9.382000000000000000e+09,-4.350000000000003864e-02
9.382500000000000000e+09,-6.099999999999994316e-03
9.383000000000000000e+09,-1.202000000000000290e-01
9.383500000000000000e+09,1.234999999999999987e-01
9.384000000000000000e+09,1.512000000000000011e-01
9.384500000000000000e+09,-1.229999999999999982e-01
9.385000000000000000e+09,-4.819999999999996509e-02
9.385500000000000000e+09,-8.119999999999999440e-02
9.386000000000000000e+09,-1.100000000000003753e-03
9.386500000000000000e+09,-2.939999999999998170e-02
9.387000000000000000e+09,-4.520000000000001794e-02
9.387500000000000000e+09,-4.539999999999999591e-02
9.388000000000000000e+09,9.399999999999991696e-03
9.388500000000000000e+09,-2.399999999999985478e-03
9.389000000000000000e+09,-9.869999999999999607e-02
9.389500000000000000e+09,-1.090000000000000344e-02
9.390000000000000000e+09,3.700000000000003286e-02
9.390500000000000000e+09,-3.649999999999997691e-02
9.391000000000000000e+09,-4.749999999999998668e-02
9.391500000000000000e+09,2.340000000000000066e-02
9.392000000000000000e+09,2.099999999999990763e-03
9.392500000000000000e+09,2.429999999999998828e-02
9.393000000000000000e+09,-4.789999999999994262e-02
9.393500000000000000e+09,-2.309999999999998166e-02
9.394000000000000000e+09,-4.689999999999998337e-02
9.394500000000000000e+09,-1.028000000000000025e-01
9.395000000000000000e+09,-8.569999999999999840e-02
9.395500000000000000e+09,-1.209000000000000075e-01
9.396000000000000000e+09,1.830000000000001070e-02
9.396500000000000000e+09,-7.979999999999998206e-02
9.397000000000000000e+09,1.665999999999999981e-01
9.397500000000000000e+09,4.000000000000003553e-02
9.398000000000000000e+09,1.099999999999989875e-03
9.398500000000000000e+09,-7.760000000000000231e-02
9.399000000000000000e+09,-3.099999999999991651e-03
9.399500000000000000e+09,-1.212000000000000022e-01
9.400000000000000000e+09,1.118000000000000105e-01
9.400500000000000000e+09,4.299999999999992717e-02
9.401000000000000000e+09,1.400000000000000133e-01
9.401500000000000000e+09,1.280000000000000027e-01
9.402000000000000000e+09,-1.093000000000000360e-01
9.402500000000000000e+09,-7.810000000000000275e-02
9.403000000000000000e+09,1.700000000000007061e-03
9.403500000000000000e+09,6.370000000000000662e-02
9.404000000000000000e+09,-1.411999999999999922e-01
9.404500000000000000e+09,-7.510000000000000009e-02
9.405000000000000000e+09,-5.490000000000000435e-02
9.405500000000000000e+09,2.860000000000000042e-02
9.406000000000000000e+09,-7.769999999999999130e-02
9.406500000000000000e+09,1.550000000000006928e-02
9.407000000000000000e+09,-9.850000000000000422e-02
9.407500000000000000e+09,-5.630000000000001670e-02
9.408000000000000000e+09,2.149999999999996358e-02
9.408500000000000000e+09,7.930000000000000937e-02
9.409000000000000000e+09,-5.730000000000000371e-02
9.409500000000000000e+09,-9.910000000000000753e-02
9.410000000000000000e+09,-2.012999999999999790e-01
9.410500000000000000e+09,-1.512999999999999901e-01
9.411000000000000000e+09,-1.399999999999998468e-02
9.411500000000000000e+09,-1.328999999999999904e-01
9.412000000000000000e+09,-2.301999999999999602e-01
9.412500000000000000e+09,-1.136000000000000065e-01
9.413000000000000000e+09,2.230000000000001426e-02
9.413500000000000000e+09,5.940000000000000835e-02
9.414000000000000000e+09,-5.169999999999996820e-02
9.414500000000000000e+09,-4.200000000000000955e-02
9.415000000000000000e+09,-4.619999999999999107e-02
9.415500000000000000e+09,-6.769999999999999629e-02
9.416000000000000000e+09,6.700000000000000400e-02
9.416500000000000000e+09,5.800000000000002376e-02
9.417000000000000000e+09,-7.510000000000002784e-02
9.417500000000000000e+09,-6.049999999999999822e-02
9.418000000000000000e+09,1.109999999999999876e-02
9.418500000000000000e+09,-1.215000000000000524e-01
9.419000000000000000e+09,1.200000000000001066e-02
9.419500000000000000e+09,-3.709999999999999409e-02
9.420000000000000000e+09,-3.840000000000000357e-02
9.420500000000000000e+09,-6.230000000000000815e-02
9.421000000000000000e+09,-1.720000000000000695e-02
9.421500000000000000e+09,5.900000000000005240e-02
9.422000000000000000e+09,-2.008000000000000340e-01
9.422500000000000000e+09,2.500000000000002220e-03
9.423000000000000000e+09,-6.759999999999999343e-02
9.423500000000000000e+09,-4.960000000000000520e-02
9.424000000000000000e+09,-8.419999999999999707e-02
9.424500000000000000e+09,-5.359999999999998099e-02
9.425000000000000000e+09,-9.340000000000003855e-02
9.425500000000000000e+09,-3.329999999999999627e-02
9.426000000000000000e+09,-6.550000000000000266e-02
9.426500000000000000e+09,-1.640999999999999959e-01
9.427000000000000000e+09,-8.429999999999998606e-02
9.427500000000000000e+09,-2.590000000000000635e-02
9.428000000000000000e+09,-5.200000000000001843e-02
9.428500000000000000e+09,-3.230000000000000232e-02
9.429000000000000000e+09,-2.749999999999999667e-02
9.429500000000000000e+09,-7.880000000000000893e-02
9.430000000000000000e+09,-4.549999999999999878e-02
9.430500000000000000e+09,-3.389999999999998570e-02
9.431000000000000000e+09,-1.054999999999999827e-01
9.431500000000000000e+09,-2.660000000000001252e-02
9.432000000000000000e+09,2.000000000000057288e-04
9.432500000000000000e+09,-1.902999999999999969e-01
9.433000000000000000e+09,-1.711000000000000298e-01
9.433500000000000000e+09,-9.929999999999999938e-02
9.434000000000000000e+09,4.299999999999998268e-02
9.434500000000000000e+09,1.737000000000000210e-01
9.435000000000000000e+09,1.681999999999999884e-01
9.435500000000000000e+09,-3.590000000000004299e-02
9.436000000000000000e+09,1.620000000000000329e-01
9.436500000000000000e+09,-1.416999999999999926e-01
9.437000000000000000e+09,4.139999999999999236e-02
9.437500000000000000e+09,2.379999999999998783e-02
9.438000000000000000e+09,4.889999999999994351e-02
9.438500000000000000e+09,-9.579999999999994076e-02
9.439000000000000000e+09,-1.399999999999999856e-02
9.439500000000000000e+09,1.204000000000000625e-01
9.440000000000000000e+09,-1.480000000000000759e-02
9.440500000000000000e+09,1.339000000000000190e-01
9.441000000000000000e+09,-2.390000000000000457e-02
9.441500000000000000e+09,4.330000000000000515e-02
9.442000000000000000e+09,4.030000000000000249e-02
9.442500000000000000e+09,9.170000000000000373e-02
9.443000000000000000e+09,-1.810000000000000497e-02
9.443500000000000000e+09,-5.249999999999999806e-02
9.444000000000000000e+09,-8.260000000000000675e-02
9.444500000000000000e+09,1.378000000000000058e-01
9.445000000000000000e+09,-1.426000000000000045e-01
9.445500000000000000e+09,-9.299999999999999933e-02
9.446000000000000000e+09,1.465000000000000191e-01
9.446500000000000000e+09,-3.520000000000000906e-02
9.447000000000000000e+09,6.299999999999972289e-03
9.447500000000000000e+09,7.800000000000001377e-03
9.448000000000000000e+09,-1.809999999999999803e-02
9.448500000000000000e+09,1.640000000000002567e-02
9.449000000000000000e+09,-5.050000000000001710e-02
9.449500000000000000e+09,-1.703000000000000069e-01
9.450000000000000000e+09,-2.520000000000000018e-02
9.450500000000000000e+09,6.629999999999997007e-02
9.451000000000000000e+09,-3.470000000000006413e-02
9.451500000000000000e+09,-1.710000000000000409e-02
9.452000000000000000e+09,-8.069999999999999396e-02
9.452500000000000000e+09,-1.560000000000000275e-02
9.453000000000000000e+09,-1.688000000000000056e-01
9.453500000000000000e+09,3.519999999999999518e-02
9.454000000000000000e+09,7.049999999999995159e-02
9.454500000000000000e+09,-1.252999999999999947e-01
9.455000000000000000e+09,-2.370000000000005436e-02
9.455500000000000000e+09,2.970000000000005969e-02
9.456000000000000000e+09,-8.340000000000000191e-02
9.456500000000000000e+09,1.590000000000000094e-02
9.457000000000000000e+09,-2.113000000000000156e-01
9.457500000000000000e+09,-5.039999999999998648e-02
9.458000000000000000e+09,-1.542000000000000037e-01
9.458500000000000000e+09,-1.476999999999999980e-01
9.459000000000000000e+09,2.390000000000003233e-02
9.459500000000000000e+09,-1.243999999999999551e-01
9.460000000000000000e+09,-1.948999999999999899e-01
9.460500000000000000e+09,-1.010000000000000064e-01
9.461000000000000000e+09,-3.470000000000000168e-02
9.461500000000000000e+09,-1.569999999999999174e-02
9.462000000000000000e+09,-5.729999999999990656e-02
9.462500000000000000e+09,7.850000000000000033e-02
9.463000000000000000e+09,4.989999999999999991e-02
9.463500000000000000e+09,-1.006999999999999978e-01
9.464000000000000000e+09,-1.919999999999999485e-02
9.464500000000000000e+09,-1.817999999999999894e-01
9.465000000000000000e+09,-7.880000000000003668e-02
9.465500000000000000e+09,-6.799999999999972733e-03
9.466000000000000000e+09,-3.750000000000000555e-02
9.466500000000000000e+09,9.800000000000000377e-02
9.467000000000000000e+09,-8.549999999999999267e-02
9.467500000000000000e+09,-9.759999999999999232e-02
9.468000000000000000e+09,-1.440000000000000169e-01
9.468500000000000000e+09,8.619999999999999885e-02
9.469000000000000000e+09,-1.210000000000000103e-01
9.469500000000000000e+09,-2.419999999999999929e-02
9.470000000000000000e+09,1.645000000000000906e-01
9.470500000000000000e+09,-1.275000000000000022e-01
9.471000000000000000e+09,-4.159999999999997033e-02
9.471500000000000000e+09,3.650000000000000466e-02
9.472000000000000000e+09,7.570000000000000340e-02
9.472500000000000000e+09,-7.079999999999997407e-02
9.473000000000000000e+09,7.009999999999999565e-02
9.473500000000000000e+09,-1.006000000000000089e-01
9.474000000000000000e+09,-1.824000000000000066e-01
9.474500000000000000e+09,-3.479999999999999760e-02
9.475000000000000000e+09,2.609999999999995657e-02
9.475500000000000000e+09,-1.930000000000001159e-02
9.476000000000000000e+09,-1.413000000000000089e-01
9.476500000000000000e+09,-5.430000000000001492e-02
9.477000000000000000e+09,-1.993999999999999939e-01
9.477500000000000000e+09,-1.330000000000000626e-02
9.478000000000000000e+09,-4.049999999999998046e-02
9.478500000000000000e+09,-6.359999999999998987e-02
9.479000000000000000e+09,-1.385000000000000120e-01
9.479500000000000000e+09,-1.056000000000000272e-01
9.480000000000000000e+09,-3.052999999999999603e-01
9.480500000000000000e+09,-1.504000000000000059e-01
9.481000000000000000e+09,-4.599999999999998535e-02
9.481500000000000000e+09,-1.905999999999999917e-01
9.482000000000000000e+09,-1.136999999999999955e-01
9.482500000000000000e+09,1.679999999999999896e-02
9.483000000000000000e+09,-4.950000000000000233e-02
9.483500000000000000e+09,-1.582000000000000073e-01
9.484000000000000000e+09,-1.980000000000001203e-02
9.484500000000000000e+09,-1.378000000000000336e-01
9.485000000000000000e+09,-4.579999999999999349e-02
9.485500000000000000e+09,-1.293000000000000260e-01
9.486000000000000000e+09,-1.659999999999999809e-01
9.486500000000000000e+09,-2.999999999999947153e-04
9.487000000000000000e+09,-1.112999999999999545e-01
9.487500000000000000e+09,-3.849999999999999950e-02
9.488000000000000000e+09,-1.339999999999999525e-02
9.488500000000000000e+09,-9.960000000000002185e-02
9.489000000000000000e+09,-5.820000000000002949e-02
9.489500000000000000e+09,-4.100000000000000346e-03
9.490000000000000000e+09,1.619999999999999218e-02
9.490500000000000000e+09,9.400000000000019451e-03
9.491000000000000000e+09,-1.579999999999999807e-02
9.491500000000000000e+09,-5.360000000000000181e-02
9.492000000000000000e+09,-3.719999999999999696e-02
9.492500000000000000e+09,-6.000000000000005329e-03
9.493000000000000000e+09,-7.789999999999999702e-02
9.493500000000000000e+09,6.289999999999999758e-02
9.494000000000000000e+09,-8.419999999999999707e-02
9.494500000000000000e+09,-2.639999999999999292e-02
9.495000000000000000e+09,1.539999999999999702e-02
9.495500000000000000e+09,3.770000000000001128e-02
9.496000000000000000e+09,-1.131999999999999951e-01
9.496500000000000000e+09,-1.688999999999999946e-01
9.497000000000000000e+09,-1.043000000000000038e-01
9.497500000000000000e+09,-5.240000000000000213e-02
9.498000000000000000e+09,1.660000000000000364e-02
9.498500000000000000e+09,5.909999999999999976e-02
9.499000000000000000e+09,1.378999999999999948e-01
9.499500000000000000e+09,-9.689999999999998614e-02
9.500000000000000000e+09,-9.659999999999990816e-02
9.500500000000000000e+09,6.000000000000449418e-04
9.501000000000000000e+09,-1.404999999999999583e-01
9.501500000000000000e+09,-1.199999999999999400e-01
9.502000000000000000e+09,-1.087999999999999939e-01
9.502500000000000000e+09,2.299999999999999267e-02
9.503000000000000000e+09,-1.509999999999999953e-01
9.503500000000000000e+09,-9.610000000000001874e-02
9.504000000000000000e+09,-4.580000000000000737e-02
9.504500000000000000e+09,-1.053999999999999937e-01
9.505000000000000000e+09,-8.900000000000002354e-02
9.505500000000000000e+09,4.359999999999999987e-02
9.506000000000000000e+09,-1.633999999999999897e-01
9.506500000000000000e+09,-3.019999999999999907e-01
9.507000000000000000e+09,-1.546000000000000152e-01
9.507500000000000000e+09,-3.620000000000000301e-02
9.508000000000000000e+09,8.050000000000001599e-02
9.508500000000000000e+09,-5.130000000000006777e-02
9.509000000000000000e+09,4.070000000000000007e-02
9.509500000000000000e+09,-4.520000000000001794e-02
9.510000000000000000e+09,-2.289999999999999675e-02
9.510500000000000000e+09,6.720000000000000973e-02
9.511000000000000000e+09,-2.756999999999999451e-01
9.511500000000000000e+09,-2.300000000000000655e-02
9.512000000000000000e+09,-7.979999999999998206e-02
9.512500000000000000e+09,-1.051999999999999602e-01
9.513000000000000000e+09,-3.989999999999999103e-02
9.513500000000000000e+09,-6.330000000000000904e-02
9.514000000000000000e+09,-1.487999999999999323e-01
9.514500000000000000e+09,6.659999999999999254e-02
9.515000000000000000e+09,-5.449999999999999289e-02
9.515500000000000000e+09,-5.690000000000000613e-02
9.516000000000000000e+09,-4.330000000000000515e-02
9.516500000000000000e+09,-1.184000000000000608e-01
9.517000000000000000e+09,-8.249999999999999001e-02
9.517500000000000000e+09,-1.119999999999999885e-01
9.518000000000000000e+09,-1.492999999999999883e-01
9.518500000000000000e+09,-4.750000000000000056e-02
9.519000000000000000e+09,9.199999999999985967e-03
9.519500000000000000e+09,-9.089999999999999469e-02
9.520000000000000000e+09,-5.590000000000000524e-02
9.520500000000000000e+09,9.760000000000002007e-02
9.521000000000000000e+09,-2.110000000000000764e-02
9.521500000000000000e+09,-1.643999999999999906e-01
9.522000000000000000e+09,-2.472999999999999921e-01
9.522500000000000000e+09,-2.012999999999999790e-01
9.523000000000000000e+09,-2.252000000000000113e-01
9.523500000000000000e+09,-6.400000000000000133e-02
9.524000000000000000e+09,-1.218999999999999945e-01
9.524500000000000000e+09,-1.119999999999999885e-01
9.525000000000000000e+09,-4.499999999999997058e-03
9.525500000000000000e+09,-1.668999999999999928e-01
9.526000000000000000e+09,-2.186999999999999778e-01
9.526500000000000000e+09,-1.907000000000000084e-01
9.527000000000000000e+09,-6.940000000000001723e-02
9.527500000000000000e+09,-2.651000000000001133e-01
9.528000000000000000e+09,-1.839000000000000079e-01
9.528500000000000000e+09,-2.599999999999999534e-02
9.529000000000000000e+09,-7.859999999999998932e-02
9.529500000000000000e+09,1.400000000000001243e-02
9.530000000000000000e+09,-1.939999999999998670e-02
9.530500000000000000e+09,-5.530000000000000887e-02
9.531000000000000000e+09,-8.410000000000000808e-02
9.531500000000000000e+09,1.163000000000000006e-01
9.532000000000000000e+09,-2.099999999999990763e-03
9.532500000000000000e+09,-1.441000000000000059e-01
9.533000000000000000e+09,6.869999999999998330e-02
9.533500000000000000e+09,2.199999999999979750e-03
9.534000000000000000e+09,-8.560000000000000941e-02
9.534500000000000000e+09,-1.217000000000000026e-01
9.535000000000000000e+09,6.459999999999999076e-02
9.535500000000000000e+09,-9.400000000000002104e-03
9.536000000000000000e+09,-9.999999999999997780e-02
9.536500000000000000e+09,-1.646000000000000241e-01
9.537000000000000000e+09,-1.666999999999999871e-01
9.537500000000000000e+09,-5.459999999999998188e-02
9.538000000000000000e+09,3.170000000000000595e-02
9.538500000000000000e+09,7.920000000000000651e-02
9.539000000000000000e+09,-3.989999999999999103e-02
9.539500000000000000e+09,-8.500000000000001998e-02
9.540000000000000000e+09,-7.150000000000000799e-02
9.540500000000000000e+09,-1.703000000000000069e-01
9.541000000000000000e+09,-4.330000000000000515e-02
9.541500000000000000e+09,7.580000000000003402e-02
9.542000000000000000e+09,2.000000000000000042e-02
9.542500000000000000e+09,-9.509999999999999010e-02
9.543000000000000000e+09,-3.360000000000000486e-02
9.543500000000000000e+09,-4.079999999999999599e-02
9.544000000000000000e+09,-1.476999999999999980e-01
9.544500000000000000e+09,4.020000000000001350e-02
9.545000000000000000e+09,-5.640000000000000568e-02
9.545500000000000000e+09,-1.487999999999999878e-01
9.546000000000000000e+09,-1.902000000000000079e-01
9.546500000000000000e+09,4.850000000000001532e-02
9.547000000000000000e+09,8.000000000000007105e-03
9.547500000000000000e+09,-1.137999999999999845e-01
9.548000000000000000e+09,-1.950000000000000067e-01
9.548500000000000000e+09,1.595999999999999641e-01
9.549000000000000000e+09,-1.039999999999999258e-02
9.549500000000000000e+09,7.169999999999998597e-02
9.550000000000000000e+09,1.089999999999999997e-02
9.550500000000000000e+09,-1.570000000000001950e-02
9.551000000000000000e+09,-1.756999999999999951e-01
9.551500000000000000e+09,5.990000000000000879e-02
9.552000000000000000e+09,-1.960000000000000631e-02
9.552500000000000000e+09,3.930000000000000160e-02
9.553000000000000000e+09,-3.539999999999998703e-02
9.553500000000000000e+09,-1.999999999999999001e-02
9.554000000000000000e+09,-5.530000000000001581e-02
9.554500000000000000e+09,-6.350000000000000089e-02
9.555000000000000000e+09,5.090000000000000080e-02
9.555500000000000000e+09,1.899999999999985034e-03
9.556000000000000000e+09,-1.034999999999999948e-01
9.556500000000000000e+09,-2.539999999999999897e-02
9.557000000000000000e+09,1.184999999999999942e-01
9.557500000000000000e+09,-1.699999999999995959e-02
9.558000000000000000e+09,-4.130000000000000338e-02
9.558500000000000000e+09,1.310000000000000053e-01
9.559000000000000000e+09,9.790000000000000091e-02
9.559500000000000000e+09,1.172999999999999876e-01
9.560000000000000000e+09,1.032000000000000001e-01
9.560500000000000000e+09,5.009999999999999176e-02
9.561000000000000000e+09,-2.359999999999999598e-02
9.561500000000000000e+09,1.716999999999999915e-01
9.562000000000000000e+09,-5.100000000000000366e-02
9.562500000000000000e+09,-7.180000000000000271e-02
9.563000000000000000e+09,8.789999999999999203e-02
9.563500000000000000e+09,1.013999999999999901e-01
9.564000000000000000e+09,1.411999999999999922e-01
9.564500000000000000e+09,-2.939999999999999558e-02
9.565000000000000000e+09,1.061999999999999889e-01
9.565500000000000000e+09,7.670000000000000429e-02
9.566000000000000000e+09,1.368000000000000049e-01
9.566500000000000000e+09,1.348000000000000032e-01
9.567000000000000000e+09,2.479999999999998872e-02
9.567500000000000000e+09,7.200000000000011946e-03
9.568000000000000000e+09,1.700999999999999734e-01
9.568500000000000000e+09,2.620000000000000107e-02
9.569000000000000000e+09,5.799999999999999600e-03
9.569500000000000000e+09,1.020999999999999963e-01
9.570000000000000000e+09,-2.810000000000001386e-02
9.570500000000000000e+09,-5.209999999999999354e-02
9.571000000000000000e+09,8.190000000000000058e-02
9.571500000000000000e+09,-1.400000000000001243e-02
9.572000000000000000e+09,1.408999999999999975e-01
9.572500000000000000e+09,1.557999999999999940e-01
9.573000000000000000e+09,8.959999999999998521e-02
9.573500000000000000e+09,1.107000000000000206e-01
9.574000000000000000e+09,1.595000000000000029e-01
9.574500000000000000e+09,6.629999999999999782e-02
9.575000000000000000e+09,2.212999999999999967e-01
9.575500000000000000e+09,1.599000000000000143e-01
9.576000000000000000e+09,7.000000000000000666e-02
9.576500000000000000e+09,1.652000000000000135e-01
9.577000000000000000e+09,6.850000000000000533e-02
9.577500000000000000e+09,1.589999999999996971e-02
9.578000000000000000e+09,2.057000000000000217e-01
9.578500000000000000e+09,6.510000000000004672e-02
9.579000000000000000e+09,1.739999999999999880e-02
9.579500000000000000e+09,1.016000000000000097e-01
9.580000000000000000e+09,1.693999999999999950e-01
9.580500000000000000e+09,1.340999999999999970e-01
9.581000000000000000e+09,8.269999999999999574e-02
9.581500000000000000e+09,2.028000000000000080e-01
9.582000000000000000e+09,1.219999999999999973e-01
9.582500000000000000e+09,1.358000000000000040e-01
9.583000000000000000e+09,1.486999999999999988e-01
9.583500000000000000e+09,1.313000000000000000e-01
9.584000000000000000e+09,2.406999999999999973e-01
9.584500000000000000e+09,1.050000000000000100e-01
9.585000000000000000e+09,8.200000000000000344e-02
9.585500000000000000e+09,5.870000000000000218e-02
9.586000000000000000e+09,1.421999999999999931e-01
9.586500000000000000e+09,5.799999999999999600e-02
9.587000000000000000e+09,3.064000000000000057e-01
9.587500000000000000e+09,1.572000000000000342e-01
9.588000000000000000e+09,3.229000000000000203e-01
9.588500000000000000e+09,2.316999999999999893e-01
9.589000000000000000e+09,1.330000000000000071e-01
9.589500000000000000e+09,1.616000000000000214e-01
9.590000000000000000e+09,2.174999999999999156e-01
9.590500000000000000e+09,4.859999999999999737e-02
9.591000000000000000e+09,1.423000000000000376e-01
9.591500000000000000e+09,2.122999999999999887e-01
9.592000000000000000e+09,1.828000000000000180e-01
9.592500000000000000e+09,1.087000000000000188e-01
9.593000000000000000e+09,1.650000000000000355e-01
9.593500000000000000e+09,1.804999999999999383e-01
9.594000000000000000e+09,1.174000000000000044e-01
9.594500000000000000e+09,3.055999999999999828e-01
9.595000000000000000e+09,1.385000000000000120e-01
9.595500000000000000e+09,2.028000000000000358e-01
9.596000000000000000e+09,1.381000000000000005e-01
9.596500000000000000e+09,2.758000000000000451e-01
9.597000000000000000e+09,1.683999999999999941e-01
9.597500000000000000e+09,2.066000000000000059e-01
9.598000000000000000e+09,1.973999999999999921e-01
9.598500000000000000e+09,2.759999999999999953e-02
9.599000000000000000e+09,1.374000000000000221e-01
9.599500000000000000e+09,2.292999999999999761e-01
9.600000000000000000e+09,3.272999999999999243e-01
9.600500000000000000e+09,4.030000000000000249e-02
9.601000000000000000e+09,1.562999999999999945e-01
9.601500000000000000e+09,2.535000000000000031e-01
9.602000000000000000e+09,1.018000000000000016e-01
9.602500000000000000e+09,1.362999999999999767e-01
9.603000000000000000e+09,1.067000000000000171e-01
9.603500000000000000e+09,2.136000000000000121e-01
9.604000000000000000e+09,3.769999999999999740e-02
9.604500000000000000e+09,5.629999999999999588e-02
9.605000000000000000e+09,1.393000000000000349e-01
9.605500000000000000e+09,7.810000000000000275e-02
9.606000000000000000e+09,1.211000000000000132e-01
9.606500000000000000e+09,1.912999999999999701e-01
9.607000000000000000e+09,9.840000000000001523e-02
9.607500000000000000e+09,5.199999999999999067e-02
9.608000000000000000e+09,5.859999999999998543e-02
9.608500000000000000e+09,1.557999999999999940e-01
9.609000000000000000e+09,1.333000000000000018e-01
9.609500000000000000e+09,1.279000000000000137e-01
9.610000000000000000e+09,1.033999999999999364e-01
9.610500000000000000e+09,2.399000000000000021e-01
9.611000000000000000e+09,1.985000000000000098e-01
9.611500000000000000e+09,1.016000000000000236e-01
9.612000000000000000e+09,1.248999999999999833e-01
9.612500000000000000e+09,1.045999999999999985e-01
9.613000000000000000e+09,7.779999999999998028e-02
9.613500000000000000e+09,9.819999999999998175e-02
9.614000000000000000e+09,1.912999999999999701e-01
9.614500000000000000e+09,2.048999999999999988e-01
9.615000000000000000e+09,6.409999999999999032e-02
9.615500000000000000e+09,5.829999999999999072e-02
9.616000000000000000e+09,3.162000000000000366e-01
9.616500000000000000e+09,2.434000000000000330e-01
9.617000000000000000e+09,8.400000000000018563e-03
9.617500000000000000e+09,3.180999999999999939e-01
9.618000000000000000e+09,6.710000000000000686e-02
9.618500000000000000e+09,1.185000000000000220e-01
9.619000000000000000e+09,1.807000000000000273e-01
9.619500000000000000e+09,2.636000000000000010e-01
9.620000000000000000e+09,7.030000000000001525e-02
9.620500000000000000e+09,1.794999999999999929e-01
9.621000000000000000e+09,2.192000000000000060e-01
9.621500000000000000e+09,1.570999999999999619e-01
9.622000000000000000e+09,1.958000000000000296e-01
9.622500000000000000e+09,2.510000000000000009e-01
9.623000000000000000e+09,1.734999999999999876e-01
9.623500000000000000e+09,1.037000000000000144e-01
9.624000000000000000e+09,1.372000000000000164e-01
9.624500000000000000e+09,1.573999999999999844e-01
9.625000000000000000e+09,1.955000000000000626e-01
9.625500000000000000e+09,6.130000000000002114e-02
9.626000000000000000e+09,1.613999999999999879e-01
9.626500000000000000e+09,2.856000000000000205e-01
9.627000000000000000e+09,1.242000000000000187e-01
9.627500000000000000e+09,2.469999999999999973e-01
9.628000000000000000e+09,9.419999999999997820e-02
9.628500000000000000e+09,7.349999999999995426e-02
9.629000000000000000e+09,1.825999999999999845e-01
9.629500000000000000e+09,1.824999999999999956e-01
9.630000000000000000e+09,2.410000000000001030e-02
9.630500000000000000e+09,9.110000000000000042e-02
9.631000000000000000e+09,9.070000000000000284e-02
9.631500000000000000e+09,2.483000000000000207e-01
9.632000000000000000e+09,-4.110000000000002540e-02
9.632500000000000000e+09,1.614999999999999769e-01
9.633000000000000000e+09,2.592999999999999750e-01
9.633500000000000000e+09,5.649999999999999467e-02
9.634000000000000000e+09,3.500000000000003109e-03
9.634500000000000000e+09,1.330999999999999961e-01
9.635000000000000000e+09,-5.900000000000016342e-03
9.635500000000000000e+09,1.488999999999999768e-01
9.636000000000000000e+09,7.259999999999999787e-02
9.636500000000000000e+09,2.454999999999999960e-01
9.637000000000000000e+09,2.275999999999999968e-01
9.637500000000000000e+09,2.144000000000000072e-01
9.638000000000000000e+09,5.849999999999996869e-02
9.638500000000000000e+09,3.380000000000005222e-02
9.639000000000000000e+09,1.131999999999999951e-01
9.639500000000000000e+09,1.621000000000000218e-01
9.640000000000000000e+09,6.099999999999999867e-02
9.640500000000000000e+09,2.400000000000013234e-03
9.641000000000000000e+09,1.963000000000000023e-01
9.641500000000000000e+09,2.523000000000000242e-01
9.642000000000000000e+09,1.355000000000000093e-01
9.642500000000000000e+09,1.155000000000000471e-01
9.643000000000000000e+09,1.793999999999999762e-01
9.643500000000000000e+09,1.972000000000000142e-01
9.644000000000000000e+09,1.029999999999999943e-01
9.644500000000000000e+09,8.329999999999999905e-02
9.645000000000000000e+09,1.638000000000000289e-01
9.645500000000000000e+09,1.373999999999999666e-01
9.646000000000000000e+09,2.010999999999999455e-01
9.646500000000000000e+09,-8.429999999999993054e-02
9.647000000000000000e+09,5.529999999999996030e-02
9.647500000000000000e+09,1.304999999999999771e-01
9.648000000000000000e+09,1.160999999999999949e-01
9.648500000000000000e+09,2.149999999999999967e-01
9.649000000000000000e+09,7.350000000000000977e-02
9.649500000000000000e+09,8.679999999999998828e-02
9.650000000000000000e+09,-2.319999999999999840e-02
9.650500000000000000e+09,1.182000000000000273e-01
9.651000000000000000e+09,-3.169999999999999207e-02
9.651500000000000000e+09,1.757000000000000228e-01
9.652000000000000000e+09,9.869999999999998219e-02
9.652500000000000000e+09,1.294999999999999762e-01
9.653000000000000000e+09,1.990999999999999992e-01
9.653500000000000000e+09,7.819999999999999174e-02
9.654000000000000000e+09,1.139000000000000012e-01
9.654500000000000000e+09,1.299999999999998379e-02
9.655000000000000000e+09,1.663999999999999924e-01
9.655500000000000000e+09,1.804000000000000048e-01
9.656000000000000000e+09,1.496999999999999997e-01
9.656500000000000000e+09,1.964000000000000190e-01
9.657000000000000000e+09,9.550000000000000155e-02
9.657500000000000000e+09,6.819999999999998286e-02
9.658000000000000000e+09,6.840000000000001634e-02
9.658500000000000000e+09,1.787999999999999867e-01
9.659000000000000000e+09,1.130000000000000032e-01
9.659500000000000000e+09,1.490999999999999825e-01
9.660000000000000000e+09,1.374999999999999833e-01
9.660500000000000000e+09,1.283999999999999864e-01
9.661000000000000000e+09,3.070000000000000506e-02
9.661500000000000000e+09,-3.789999999999993374e-02
9.662000000000000000e+09,5.259999999999998010e-02
9.662500000000000000e+09,3.477999999999999980e-01
9.663000000000000000e+09,3.429999999999999716e-02
9.663500000000000000e+09,3.739999999999998881e-02
9.664000000000000000e+09,-2.090000000000002967e-02
9.664500000000000000e+09,1.276999999999999802e-01
9.665000000000000000e+09,1.002000000000000113e-01
9.665500000000000000e+09,1.345000000000000084e-01
9.666000000000000000e+09,1.319999999999998952e-02
9.666500000000000000e+09,1.636999999999999844e-01
9.667000000000000000e+09,1.062000000000000027e-01
9.667500000000000000e+09,1.430000000000000160e-01
9.668000000000000000e+09,2.014000000000000234e-01
9.668500000000000000e+09,3.110000000000000264e-02
9.669000000000000000e+09,2.349999999999999867e-01
9.669500000000000000e+09,1.813999999999999779e-01
9.670000000000000000e+09,6.900000000000017231e-03
9.670500000000000000e+09,1.999999999999779732e-04
9.671000000000000000e+09,1.416999999999999926e-01
9.671500000000000000e+09,9.929999999999999938e-02
9.672000000000000000e+09,1.342999999999999750e-01
9.672500000000000000e+09,2.184999999999999998e-01
9.673000000000000000e+09,7.000000000000006217e-03
9.673500000000000000e+09,1.629999999999999782e-01
9.674000000000000000e+09,7.800000000000001377e-02
9.674500000000000000e+09,4.160000000000002585e-02
9.675000000000000000e+09,1.050000000000000239e-02
9.675500000000000000e+09,1.747999999999999832e-01
9.676000000000000000e+09,2.759999999999998566e-02
9.676500000000000000e+09,1.010999999999999954e-01
9.677000000000000000e+09,9.969999999999999696e-02
9.677500000000000000e+09,2.312000000000000166e-01
9.678000000000000000e+09,2.189000000000000112e-01
9.678500000000000000e+09,9.079999999999999183e-02
9.679000000000000000e+09,8.500000000000001998e-02
9.679500000000000000e+09,1.219999999999999973e-01
9.680000000000000000e+09,1.955000000000000071e-01
9.680500000000000000e+09,1.562000000000000055e-01
9.681000000000000000e+09,8.999999999999841460e-04
9.681500000000000000e+09,3.379999999999999671e-02
9.682000000000000000e+09,1.219999999999999973e-01
9.682500000000000000e+09,-4.829999999999998184e-02
9.683000000000000000e+09,1.699999999999998734e-02
9.683500000000000000e+09,2.260000000000000897e-02
9.684000000000000000e+09,1.098000000000000087e-01
9.684500000000000000e+09,5.059999999999997833e-02
9.685000000000000000e+09,1.297999999999999987e-01
9.685500000000000000e+09,-2.420000000000000276e-02
9.686000000000000000e+09,1.567000000000000060e-01
9.686500000000000000e+09,7.380000000000000449e-02
9.687000000000000000e+09,-1.269999999999998908e-02
9.687500000000000000e+09,1.055000000000000104e-01
9.688000000000000000e+09,9.829999999999997073e-02
9.688500000000000000e+09,9.520000000000000684e-02
9.689000000000000000e+09,1.586000000000000187e-01
9.689500000000000000e+09,3.229999999999999538e-02
9.690000000000000000e+09,-1.180000000000000493e-02
9.690500000000000000e+09,1.030000000000000360e-02
9.691000000000000000e+09,8.269999999999999574e-02
9.691500000000000000e+09,1.216000000000000136e-01
9.692000000000000000e+09,1.930000000000000326e-01
9.692500000000000000e+09,1.920000000000000040e-01
9.693000000000000000e+09,1.580000000000000016e-01
9.693500000000000000e+09,-5.359999999999998099e-02
9.694000000000000000e+09,1.057000000000000162e-01
9.694500000000000000e+09,1.546000000000000152e-01
9.695000000000000000e+09,1.067000000000000171e-01
9.695500000000000000e+09,1.650999999999999968e-01
9.696000000000000000e+09,5.370000000000000467e-02
9.696500000000000000e+09,1.411000000000000032e-01
9.697000000000000000e+09,4.809999999999998999e-02
9.697500000000000000e+09,1.586999999999999800e-01
9.698000000000000000e+09,4.380000000000000560e-02
9.698500000000000000e+09,7.660000000000000142e-02
9.699000000000000000e+09,1.526999999999999469e-01
9.699500000000000000e+09,-1.039999999999999258e-02
9.700000000000000000e+09,9.980000000000002758e-02
9.700500000000000000e+09,9.439999999999999780e-02
9.701000000000000000e+09,1.650000000000000078e-01
9.701500000000000000e+09,9.939999999999998836e-02
9.702000000000000000e+09,7.049999999999999323e-02
9.702500000000000000e+09,1.092000000000000193e-01
9.703000000000000000e+09,-6.300000000000003514e-03
9.703500000000000000e+09,1.010000000000000064e-01
9.704000000000000000e+09,6.570000000000000839e-02
9.704500000000000000e+09,7.629999999999992344e-02
9.705000000000000000e+09,8.430000000000001381e-02
9.705500000000000000e+09,4.420000000000001705e-02
9.706000000000000000e+09,2.127999999999999892e-01
9.706500000000000000e+09,1.450999999999999790e-01
9.707000000000000000e+09,9.899999999999999079e-03
9.707500000000000000e+09,9.199999999999999845e-02
9.708000000000000000e+09,1.140999999999999792e-01
9.708500000000000000e+09,3.138000000000000234e-01
9.709000000000000000e+09,2.229999999999998650e-02
9.709500000000000000e+09,-3.070000000000000506e-02
9.710000000000000000e+09,1.019999999999998685e-02
9.710500000000000000e+09,1.237000000000000044e-01
9.711000000000000000e+09,2.076999999999999957e-01
9.711500000000000000e+09,-1.359999999999998710e-02
9.712000000000000000e+09,-3.019999999999999768e-02
9.712500000000000000e+09,8.939999999999999336e-02
9.713000000000000000e+09,4.139999999999999236e-02
9.713500000000000000e+09,8.690000000000000502e-02
9.714000000000000000e+09,5.419999999999999818e-02
9.714500000000000000e+09,4.959999999999999132e-02
9.715000000000000000e+09,3.044000000000000039e-01
9.715500000000000000e+09,3.909999999999999587e-02
9.716000000000000000e+09,1.199999999999999956e-01
9.716500000000000000e+09,1.093000000000000083e-01
9.717000000000000000e+09,-3.009999999999998788e-02
9.717500000000000000e+09,4.820000000000002061e-02
9.718000000000000000e+09,6.060000000000000109e-02
9.718500000000000000e+09,7.409999999999999920e-02
9.719000000000000000e+09,1.212000000000000022e-01
9.719500000000000000e+09,4.660000000000000253e-02
9.720000000000000000e+09,-6.000000000000449418e-04
9.720500000000000000e+09,-5.739999999999999269e-02
9.721000000000000000e+09,-1.779999999999999638e-02
9.721500000000000000e+09,1.596000000000000196e-01
9.722000000000000000e+09,1.264000000000000123e-01
9.722500000000000000e+09,-3.109999999999999917e-02
9.723000000000000000e+09,2.003000000000000058e-01
9.723500000000000000e+09,7.040000000000000424e-02
9.724000000000000000e+09,-2.800000000000002487e-02
9.724500000000000000e+09,3.629999999999999893e-02
9.725000000000000000e+09,2.368999999999999440e-01
9.725500000000000000e+09,-1.220000000000000251e-02
9.726000000000000000e+09,6.079999999999999988e-02
9.726500000000000000e+09,1.079999999999992077e-02
9.727000000000000000e+09,1.428999999999999992e-01
9.727500000000000000e+09,1.779000000000000581e-01
9.728000000000000000e+09,1.777000000000000246e-01
9.728500000000000000e+09,2.659999999999999865e-02
9.729000000000000000e+09,1.373000000000000054e-01
9.729500000000000000e+09,-9.100000000000000450e-03
9.730000000000000000e+09,1.423000000000000098e-01
9.730500000000000000e+09,1.713999999999999413e-01
9.731000000000000000e+09,1.280999999999999917e-01
9.731500000000000000e+09,7.319999999999993179e-02
9.732000000000000000e+09,1.317999999999999727e-01
9.732500000000000000e+09,8.110000000000000542e-02
9.733000000000000000e+09,3.120000000000000551e-02
9.733500000000000000e+09,9.220000000000000417e-02
9.734000000000000000e+09,1.135000000000000175e-01
9.734500000000000000e+09,4.220000000000000140e-02
9.735000000000000000e+09,1.249000000000000388e-01
9.735500000000000000e+09,2.284999999999999809e-01
9.736000000000000000e+09,4.080000000000000293e-02
9.736500000000000000e+09,1.512999999999999901e-01
9.737000000000000000e+09,7.209999999999999742e-02
9.737500000000000000e+09,9.020000000000000240e-02
9.738000000000000000e+09,-5.999999999999894307e-04
9.738500000000000000e+09,9.500000000000001499e-03
9.739000000000000000e+09,2.025000000000000133e-01
9.739500000000000000e+09,3.029999999999999361e-02
9.740000000000000000e+09,-4.139999999999999236e-02
9.740500000000000000e+09,1.399999999999999856e-02
9.741000000000000000e+09,3.229999999999999538e-02
9.741500000000000000e+09,3.329999999999999627e-02
9.742000000000000000e+09,1.078000000000000069e-01
9.742500000000000000e+09,2.312000000000000166e-01
9.743000000000000000e+09,4.349999999999999700e-02
9.743500000000000000e+09,5.680000000000000326e-02
9.744000000000000000e+09,4.330000000000000515e-02
9.744500000000000000e+09,4.690000000000000419e-02
9.745000000000000000e+09,-2.090000000000000191e-02
9.745500000000000000e+09,8.860000000000001208e-02
9.746000000000000000e+09,1.371999999999999886e-01
9.746500000000000000e+09,6.679999999999998439e-02
9.747000000000000000e+09,5.449999999999999289e-02
9.747500000000000000e+09,4.010000000000000370e-02
9.748000000000000000e+09,1.128000000000000114e-01
9.748500000000000000e+09,-1.941000000000000503e-01
9.749000000000000000e+09,-2.408000000000000140e-01
9.749500000000000000e+09,3.307999999999999829e-01
9.750000000000000000e+09,2.199999999999996403e-02
9.750500000000000000e+09,2.419999999999999929e-02
9.751000000000000000e+09,7.739999999999999658e-02
9.751500000000000000e+09,4.680000000000000132e-02
9.752000000000000000e+09,1.099999999999999936e-02
9.752500000000000000e+09,1.614999999999999769e-01
9.753000000000000000e+09,-5.979999999999999899e-02
9.753500000000000000e+09,9.500000000000002887e-02
9.754000000000000000e+09,1.247000000000000053e-01
9.754500000000000000e+09,-3.489999999999998659e-02
9.755000000000000000e+09,2.811000000000000165e-01
9.755500000000000000e+09,1.162000000000000255e-01
9.756000000000000000e+09,1.900000000000012790e-03
9.756500000000000000e+09,5.049999999999999628e-02
9.757000000000000000e+09,1.699999999999998734e-02
9.757500000000000000e+09,-1.439999999999999614e-02
9.758000000000000000e+09,2.203999999999999848e-01
9.758500000000000000e+09,4.139999999999999236e-02
9.759000000000000000e+09,5.340000000000000302e-02
9.759500000000000000e+09,1.859999999999999154e-02
9.760000000000000000e+09,1.079000000000000237e-01
9.760500000000000000e+09,1.291999999999999815e-01
9.761000000000000000e+09,-2.740000000000000074e-02
9.761500000000000000e+09,7.589999999999996749e-02
9.762000000000000000e+09,2.550000000000002265e-02
9.762500000000000000e+09,7.169999999999999984e-02
9.763000000000000000e+09,1.222000000000000169e-01
9.763500000000000000e+09,-4.580000000000000043e-02
9.764000000000000000e+09,4.960000000000000520e-02
9.764500000000000000e+09,1.558999999999999830e-01
9.765000000000000000e+09,-7.999999999999951594e-04
9.765500000000000000e+09,-2.799999999999969180e-03
9.766000000000000000e+09,6.780000000000002691e-02
9.766500000000000000e+09,1.233000000000000207e-01
9.767000000000000000e+09,2.010000000000000120e-01
9.767500000000000000e+09,1.150000000000000466e-01
9.768000000000000000e+09,-6.000000000000005329e-03
9.768500000000000000e+09,1.652999999999999747e-01
9.769000000000000000e+09,-2.210000000000000853e-02
9.769500000000000000e+09,1.272000000000000075e-01
9.770000000000000000e+09,-9.270000000000000462e-02
9.770500000000000000e+09,5.920000000000000262e-02
9.771000000000000000e+09,-2.250000000000001998e-02
9.771500000000000000e+09,1.767000000000000237e-01
9.772000000000000000e+09,-6.029999999999999943e-02
9.772500000000000000e+09,1.025000000000000078e-01
9.773000000000000000e+09,-8.689999999999997726e-02
9.773500000000000000e+09,8.219999999999999529e-02
9.774000000000000000e+09,4.559999999999997389e-02
9.774500000000000000e+09,1.172999999999999599e-01
9.775000000000000000e+09,-1.108000000000000096e-01
9.775500000000000000e+09,1.300000000000000044e-01
9.776000000000000000e+09,1.291999999999999815e-01
9.776500000000000000e+09,1.098999999999999977e-01
9.777000000000000000e+09,2.544000000000000150e-01
9.777500000000000000e+09,-8.490000000000003100e-02
9.778000000000000000e+09,3.399999999999991918e-02
9.778500000000000000e+09,-5.399999999999996469e-02
9.779000000000000000e+09,2.990999999999999215e-01
9.779500000000000000e+09,1.114999999999999325e-01
9.780000000000000000e+09,1.145999999999999935e-01
9.780500000000000000e+09,1.109999999999999876e-01
9.781000000000000000e+09,4.139999999999999236e-02
9.781500000000000000e+09,7.969999999999999307e-02
9.782000000000000000e+09,4.120000000000001439e-02
9.782500000000000000e+09,-3.400000000000000244e-02
9.783000000000000000e+09,8.659999999999998255e-02
9.783500000000000000e+09,-6.969999999999998419e-02
9.784000000000000000e+09,1.316999999999999837e-01
9.784500000000000000e+09,4.670000000000001927e-02
9.785000000000000000e+09,4.960000000000000520e-02
9.785500000000000000e+09,4.030000000000000249e-02
9.786000000000000000e+09,-3.019999999999999074e-02
9.786500000000000000e+09,1.625000000000000056e-01
9.787000000000000000e+09,5.140000000000000124e-02
9.787500000000000000e+09,2.660000000000001252e-02
9.788000000000000000e+09,-4.429999999999999216e-02
9.788500000000000000e+09,1.261999999999999789e-01
9.789000000000000000e+09,-3.200000000000036149e-03
9.789500000000000000e+09,9.390000000000001124e-02
9.790000000000000000e+09,5.440000000000000391e-02
9.790500000000000000e+09,3.529999999999999805e-02
9.791000000000000000e+09,8.369999999999999662e-02
9.791500000000000000e+09,1.980000000000000093e-01
9.792000000000000000e+09,1.506000000000000116e-01
9.792500000000000000e+09,1.102000000000000202e-01
9.793000000000000000e+09,1.748000000000000109e-01
9.793500000000000000e+09,1.635000000000000064e-01
9.794000000000000000e+09,-3.049999999999999933e-02
9.794500000000000000e+09,1.557000000000000328e-01
9.795000000000000000e+09,3.669999999999998264e-02
9.795500000000000000e+09,1.356999999999999873e-01
9.796000000000000000e+09,1.269999999999998908e-02
9.796500000000000000e+09,-4.290000000000000063e-02
9.797000000000000000e+09,1.440000000000000169e-01
9.797500000000000000e+09,8.640000000000000457e-02
9.798000000000000000e+09,5.979999999999999205e-02
9.798500000000000000e+09,3.350000000000000200e-02
9.799000000000000000e+09,-2.800000000000000405e-03
9.799500000000000000e+09,1.386999999999999900e-01
9.800000000000000000e+09,4.190000000000000668e-02
9.800500000000000000e+09,5.900000000000005240e-02
9.801000000000000000e+09,1.340000000000000219e-02
9.801500000000000000e+09,1.521000000000000130e-01
9.802000000000000000e+09,2.610000000000001208e-02
9.802500000000000000e+09,3.920000000000001261e-02
9.803000000000000000e+09,1.474999999999999922e-01
9.803500000000000000e+09,1.047999999999999765e-01
9.804000000000000000e+09,4.909999999999997700e-02
9.804500000000000000e+09,5.410000000000000225e-02
9.805000000000000000e+09,8.500000000000000611e-03
9.805500000000000000e+09,1.110000000000000431e-01
9.806000000000000000e+09,5.459999999999999576e-02
9.806500000000000000e+09,6.099999999999994316e-03
9.807000000000000000e+09,5.920000000000000262e-02
9.807500000000000000e+09,-7.000000000000006217e-03
9.808000000000000000e+09,6.350000000000000089e-02
9.808500000000000000e+09,2.789999999999998037e-02
9.809000000000000000e+09,1.569999999999999174e-02
9.809500000000000000e+09,9.929999999999999938e-02
9.810000000000000000e+09,1.742000000000000215e-01
